"","X","Name","Age","Gender","Type","Date","Exp"
"1",1,"BK26M2",26,"M","numeric(0)",737589.48898735,"gp_loc"
"2",2,"CB25F1",25,"F","numeric(0)",737610.40493169,"gp_loc"
"3",3,"DY4723F2",23,"F","numeric(0)",737614.718773657,"gp_loc"
"4",4,"JLL23F1",23,"F","numeric(0)",737615.668321053,"gp_loc"
"5",5,"JP30F1",30,"F","numeric(0)",737615.713445799,"gp_loc"
"6",6,"PD23F1",23,"F","numeric(0)",737610.236363171,"gp_loc"
"7",7,"RB36F1",36,"F","numeric(0)",737614.540450648,"gp_loc"
"8",8,"SAS3734F1",34,"F","numeric(0)",737593.221135393,"gp_loc"
"9",9,"SS27M2",27,"M","numeric(0)",737589.572643438,"gp_loc"
"10",10,"XC21F2",21,"F","numeric(0)",737589.443284306,"gp_loc"
"11",11,"XH24F1",24,"F","numeric(0)",737698.643145278,"gp_loc"
"12",12,"Yuchen Chi22F1",22,"F","numeric(0)",737698.68711037,"gp_loc"
"13",13,"ZY4622F2",22,"F","numeric(0)",737614.658962442,"gp_loc"
"14",14,"GV25F2",25,"F","numeric(0)",737769.587700023,"gp_loc"
"15",15,"JK23M2",23,"M","numeric(0)",737765.571437176,"gp_loc"
"16",16,"MK24F2",24,"F","numeric(0)",737769.651281424,"gp_loc"
"17",1,"AY3626M2",26,"M","numeric(0)",737591.408108368,"gp_loc_ss"
"18",2,"DZ23F2",23,"F","numeric(0)",737611.714308472,"gp_loc_ss"
"19",3,"FJW29M1",29,"M","numeric(0)",737612.628680729,"gp_loc_ss"
"20",4,"JGP3122M1",22,"M","numeric(0)",737590.377817222,"gp_loc_ss"
"21",5,"MK3426M1",26,"M","numeric(0)",737590.522032454,"gp_loc_ss"
"22",6,"MK3523M1",23,"M","numeric(0)",737591.336752743,"gp_loc_ss"
"23",7,"SA3027M2",27,"M","numeric(0)",737590.222565336,"gp_loc_ss"
"24",8,"TI3324F2",24,"F","numeric(0)",737590.479317002,"gp_loc_ss"
"25",9,"WM3221M2",21,"M","numeric(0)",737590.426080556,"gp_loc_ss"
"26",10,"WPQ23F2",23,"F","numeric(0)",737611.662193715,"gp_loc_ss"
"27",11,"YW4124M1",24,"M","numeric(0)",737611.538019653,"gp_loc_ss"
"28",12,"ZH24F1",24,"F","numeric(0)",737611.232201447,"gp_loc_ss"
"29",13,"PI24M1",24,"M","numeric(0)",737769.716892581,"gp_loc_ss"
"30",14,"MA26M2",26,"M","numeric(0)",737775.751570174,"gp_loc_ss"
"31",15,"DJ25M1",25,"M","numeric(0)",737775.48629919,"gp_loc_ss"
"32",16,"CV31F2",31,"F","numeric(0)",737777.714269144,"gp_loc_ss"
